time_s,x_m,y_m,yaw_rad,cross_track_error_m,abs_cross_track_error_m,heading_error_rad,path_progress_m,endpoint_distance_m,linear_cmd_mps,angular_cmd_rps
0.0,2.8969045310839014,-0.07203357520310906,3.0917866577482016,-0.007417514088311119,0.007417514088311124,0.0182301559111111,0.2771148165437374,2.722895286602277,0.28398607787480384,0.26405568850078437
0.0545,2.8621512488327214,-0.06898016023396264,3.0908171645875084,-0.009425267965500233,0.009425267965500233,0.02364719189402864,0.31190537186290307,2.688069165395887,0.27940593955061327,0.28237624179754683
0.1053,2.8465305217541945,-0.0682647311071255,3.091820820869277,-0.009716722101033541,0.009716722101033543,0.02264353561226029,0.3275397572932368,2.6724345214122693,0.27735100858258416,0.29059596566966334
0.1577,2.82720397496812,-0.07086154537720663,3.0943683477979302,-0.006596631331120729,0.006596631331120721,0.020096008683606836,0.3467887543739974,2.653190060915035,0.2703837466365542,0.31846501345378314
0.2081,2.812122638190174,-0.07035891819204376,3.097850757561673,-0.006993835544625179,0.006993835544625181,0.04238445965202997,0.36170184394996013,2.638100481265292,0.26867853164766486,0.32528587340934034
0.2668,2.790251157862271,-0.07153916040695552,3.1011869752283836,-0.005783905283211855,0.005783905283211858,0.03904824198531953,0.383571702024082,2.616273312406229,0.25938971857764254,0.36244112568942966
0.3272,2.7757626044197736,-0.0711795602125196,3.105134196889436,-0.006123837862902296,0.006123837862902295,0.03510102032426721,0.39806073025226907,2.601780481028617,0.25837209902063024,0.36651160391747883
0.3889,2.758290000709496,-0.07455153963649856,3.109376819070633,-0.0034541964291206293,0.0034541964291206362,0.07789613062978008,0.41538331217534585,2.5844192959038526,0.2606227602083516,0.35750895916659353
0.4396,2.7374785168562075,-0.0782791189518897,3.1118145855490003,-0.0006808497399631555,0.0006808497399631525,0.07545836415141262,0.43634330396613547,2.563738717659317,0.2570190768428155,0.371923692628738
0.4992,2.7234837560320577,-0.07806646260383443,3.117197746793284,-0.0015380245322490515,0.0015380245322490532,0.12986913086321497,0.4502219330029809,2.549744592352344,0.25970126412336886,0.36119494350652454
0.553,2.704621228391395,-0.07812982696902718,3.123125765822884,-0.0034608359952791375,0.0034608359952791237,0.1239411118336149,0.46898630776248673,2.5308946418319516,0.25943533726802825,0.36225865092788706
0.6067,2.6813870489650555,-0.08153887933476518,3.128282187399244,-0.002516794406225347,0.0025167944062253517,0.11878469025725405,0.4924502698559998,2.5077909665600426,0.2612806274525539,0.3548774901897841
0.6669,2.678999232870156,-0.0834872121745897,3.134764991190986,-0.0008306752811941341,0.0008306752811941411,0.11230188646551323,0.4950299343407736,2.505473856698545,0.26525862929404315,0.33896548282382727
0.7272,2.6594265587734194,-0.08401268367644676,-3.141513802684103,-0.003218745397256431,0.003218745397256418,0.16689673321083107,0.5143772869032265,2.4859329949081115,0.264778633334189,0.34088546666324393
0.7787,2.6558484715662174,-0.08582261590804287,-3.1365277586963214,-0.0020286666374287276,0.0020286666374287514,0.16191068922304952,0.5182064219610064,2.482423949281343,0.272756524851905,0.30897390059237995
0.8338,2.6421312811702755,-0.0863002842789451,-3.125138141226734,-0.003837449199819,0.003837449199819036,0.1505210717534622,0.5318122216461801,2.4687342170400974,0.27848448039693946,0.286062078412242
0.8884,2.6338189579420743,-0.08724944587372595,-3.1132275868710306,-0.004283003056361503,0.004283003056361539,0.13861051739775876,0.5401666879333837,2.4604637790176365,0.28143733520540426,0.27425065917838287
0.9474,2.6218845370965327,-0.08808793801167887,-3.098718411862287,-0.00545448270443636,0.005454482704436322,0.1760779009648057,0.5517912977599349,2.448570322454504,0.2851284200319617,0.2594863198721531
0.9979,2.6116541613364768,-0.09030100558409526,-3.0889639616192324,-0.005516359048223837,0.005516359048223845,0.16632345072175125,0.5622581228559275,2.4384344832672755,0.2912576805599961,0.23496927776001542
1.053,2.5889758414583697,-0.09241066528860906,-3.0744171874183794,-0.00838295383823175,0.008382953838231733,0.15177667652089832,0.5848532438087459,2.4158596820489717,0.2955168488901803,0.21793260443927862
1.1037,2.5878616365038454,-0.09306904599326804,-3.064744337461595,-0.007982304592983274,0.00798230459298329,0.1421038265641137,0.5860838526073637,2.414773473947615,0.31189682216719034,0.15241271133123857
1.1537,2.5871336366244884,-0.09403115430101303,-3.0473592984614037,-0.007201292654891648,0.007201292654891609,0.12471878756392263,0.5870034484820468,2.414085974074448,0.3194906714048675,0.12203731438052985
1.2081,2.5398545835328563,-0.09958345979559322,-3.0327163081229656,-0.013076202817924397,0.013076202817924352,0.1432634444580931,0.6339427483260931,2.367091135450679,0.3388820643152268,0.04447174273909261
1.267,2.5318972630339505,-0.10211384326502176,-3.0230321631831276,-0.012610993763688707,0.012610993763688752,0.1335792995182552,0.6422797364249524,2.359256994062114,0.3447232197646017,0.02110712094159331
1.328,2.5178511060915247,-0.1044081990587986,-3.0146122797686483,-0.013901890110951403,0.013901890110951354,0.13322147773019877,0.6563421093386675,2.3453332165670795,0.3488412155442478,0.004635137823008761
1.3871,2.505166188188719,-0.10838161333305289,-3.0058820704496627,-0.013325748686005197,0.013325748686005164,0.12449126841121316,0.6696222909735036,2.332854892952379,0.34519513859838036,-0.019219445606478543
1.4475,2.490480810367035,-0.11098541275560042,-2.9976492524388285,-0.014587787782338348,0.01458778778233831,0.11625845040037895,0.6844832246762622,2.3183179620941456,0.3213232380290431,-0.11470704788382756
1.5036,2.462678852557828,-0.11855880571544387,-2.9908811568165508,-0.014301142753387968,0.014301142753387942,0.0889798937177151,0.7135923379077458,2.2909531563906884,0.3129843486743352,-0.14806260530265902
1.5546,2.4632788712172533,-0.12053425480745236,-2.9830994080959665,-0.01223972307032934,0.01223972307032939,0.08119814499713085,0.71347845025664,2.291660950687086,0.30763987525603387,-0.16944049897586438
1.6067,2.4482036726981797,-0.1232172133117753,-2.977078372914342,-0.013212362007136427,0.013212362007136443,0.07517710981550652,0.7287596102330294,2.2767603938872685,0.3026888973604686,-0.18924441055812558
1.6597,2.444334184540944,-0.12315267980502566,-2.9737642979563166,-0.014193678104260334,0.014193678104260305,0.07186303485748091,0.7325031542610873,2.272893520862293,0.3010484444945305,-0.19580622202187808
1.7136,2.40877302561217,-0.13049183683189153,-2.9693661929733333,-0.015023450567860851,0.015023450567860813,0.01777969506458632,0.7695486060736743,2.2378285356345495,0.2724597035447161,-0.3101611858211356
1.7668,2.393511406762281,-0.13343553286083495,-2.965365047439969,-0.015015116749326108,0.015015116749326077,0.01377854953122215,0.7850915236497789,2.2227791428331285,0.25047693598950405,-0.3980922560419836
1.8276,2.3921831547243495,-0.13395092957910623,-2.96137925931983,-0.01475985582969131,0.014759855829691328,0.009792761411083097,0.7864932116023492,2.2214860572110458,0.24855913392070234,-0.4057634643171906
1.888,2.3585333225779097,-0.13725012295655958,-2.9588798657102484,-0.017105808985895043,0.017105808985895015,-0.06866194900984368,0.8214896922261161,2.1881188855346783,0.24262625205059388,-0.42949499179762435
1.9432,2.3452382542669103,-0.13943886941984462,-2.9582831101433977,-0.016444310826941394,0.016444310826941373,-0.06925870457669436,0.8349474733456166,2.1749985010012534,0.2236047827910788,-0.5055808688356846
1.997,2.330267573508974,-0.1422324871857035,-2.9583941603661517,-0.01537256203494891,0.015372562034948929,-0.06914765435394044,0.850138817496304,2.160252361404241,0.2203626983387372,-0.5185492066450511
2.0522,2.3068951095537304,-0.15100594128871286,-2.959382518651799,-0.008032172451254276,0.008032172451254285,-0.16293690415254103,0.8751806125198256,2.137564598686369,0.2131420768897186,-0.5474316924411256
2.1027,2.2933370407985323,-0.15341353114687004,-2.961009843909461,-0.005886321348791475,0.005886321348791475,-0.16130957889487882,0.8887825623926138,2.124223535422417,0.2092622588093722,-0.5629509647625112
2.1531,2.281566015805172,-0.1587995811697923,-2.9633991678761817,-0.0007281232754224082,0.0007281232754224062,-0.1589202549281583,0.9006552013949428,2.1129006900844476,0.19378031242232618,-0.6248787503106952
2.2069,2.268860457530051,-0.16092161476328862,-2.9660801496666127,0.0013559860709037432,0.0013559860709037243,-0.2579374145695941,0.9132718273555605,2.1004024126830916,0.1856124043809759,-0.6575503824760964
2.2669,2.2559716803827046,-0.16656313194472333,-2.969537383530133,0.008039504039573453,0.008039504039573458,-0.2544801807060735,0.925652371771088,2.0880149698467307,0.17828931349169136,-0.6868427460332345
2.327,2.2439385827763974,-0.16842803210971002,-2.973676157724034,0.010888777169328595,0.010888777169328597,-0.25034140651217235,0.937491076652127,2.0761798320416394,0.175,-0.7
2.3879,2.22802697710057,-0.17700859821498494,-2.9782450402888903,0.020750240305474336,0.02075024030547435,-0.24577252394731652,0.9526422104276717,2.0610715651828997,0.175,-0.7
2.4448,2.21289754335455,-0.1863603025793925,-2.984397531227746,0.031704010468038744,0.031704010468038765,-0.334397641092709,0.9639616664544017,2.0468627019407855,0.175,-0.7
2.4958,2.2019891589745675,-0.1877836599832445,-2.9946599621243624,0.035027971879382884,0.03502797187938291,-0.32413521019609287,0.9744483282977361,2.0361384459376666,0.175,-0.7
2.5471,2.189510052079096,-0.19286448707534298,-3.0100786303825067,0.04222901108211848,0.042229011082118476,-0.3087165419379485,0.9858363899084348,2.0242107705931476,0.175,-0.7
2.6047,2.168966645109416,-0.1948580887135509,-3.021605803790887,0.047812716035301295,0.047812716035301274,-0.29718936852956834,1.0057066756741095,2.003967632687652,0.175,-0.7
2.6552,2.1640540966672344,-0.19552913464361021,-3.039970489565019,0.049339221136876735,0.049339221136876714,-0.2788246827554366,1.0104240072303914,1.999147719073123,0.175,-0.7
2.7072,2.149075489488488,-0.1969591466849664,-3.0582971685656903,0.05422110762356017,0.05422110762356012,-0.33645332056610955,1.0208273037469868,1.9843925033296574,0.175,-0.7
2.7671,2.1397999445774776,-0.19683089848466245,-3.079289910523455,0.056420122280347235,0.05642012228034724,-0.31546057860834537,1.0298393243603834,1.9751528700378165,0.175,-0.7
2.8272,2.139162724423002,-0.1959326014585214,-3.102362881929947,0.05571005695699568,0.05571005695699573,-0.29238760720185325,1.0306812235877365,1.9744267276893337,0.175,-0.7
2.8874,2.1153819618403262,-0.20105805469285268,-3.130260081198946,0.06662832974578946,0.06662832974578944,-0.2644904079328543,1.0524202727661247,1.9513113994401796,0.175,-0.7
2.9499,2.106860481048512,-0.19994780153682828,3.123361204408214,0.06768777484871245,0.06768777484871247,-0.2349263863604274,1.060948219355405,1.9427201753725891,0.18273589387774866,-0.6690564244890052
3.0037,2.0916974503881147,-0.20251459928676846,3.1047614156913736,0.0744669646022138,0.07446696460221384,-0.2660118324535006,1.0712967276734606,1.927920300957635,0.18796124177061407,-0.6481550329175435
3.0565,2.0931462483813887,-0.20329875555607188,3.0717711153877456,0.07478335342579531,0.07478335342579527,-0.23302153214987256,1.0696799980138343,1.9294456788548249,0.1974889529664448,-0.6100441881342207
3.1072,2.0754236631885328,-0.2005310102145251,3.040811656771183,0.07742705833190212,0.0774270583319021,-0.20206207353330985,1.0874215104793237,1.9115273948154077,0.20025592737309839,-0.5989762905076064
3.1673,2.070096414284527,-0.20051287576426272,3.0065744450022676,0.07899852173243048,0.07899852173243045,-0.16782486176439448,1.0925117376377438,1.906229605742021,0.22811478980043692,-0.48754084079825233
3.2269,2.061159182512001,-0.19798698147186392,2.9764772981390335,0.07925297090376723,0.07925297090376725,-0.13772771490116043,1.1017955681699878,1.8970715363717352,0.23958100129540497,-0.44167599481838005
3.2878,2.051226802875194,-0.1933085580584675,2.947974604772323,0.077749635312862,0.07774963531286208,-0.10922502153445014,1.1126712195521253,1.8866961031046448,0.2510523505106305,-0.39579059795747795
3.3462,2.043255478824357,-0.18787418293834457,2.928539645720968,0.07506464707591529,0.07506464707591531,-0.11030052354347575,1.1203621244457078,1.878199581363859,0.2616910873425211,-0.3532356506299155
3.4055,2.02497444302485,-0.18226537107260574,2.8994340172660573,0.07555527487518915,0.07555527487518908,-0.08119489508856503,1.1394779379206998,1.8594398748009442,0.27491545350480406,-0.30033818598078366
3.4674,2.0243565648027335,-0.1842755807545304,2.8522746195504753,0.07765763540595527,0.07765763540595527,-0.034035497372983066,1.1394250544512012,1.8590304214925646,0.2847275398746237,-0.2610898405015051
3.5271,2.01421120054652,-0.17947648369134336,2.816583383881344,0.07633092069389784,0.07633092069389782,0.001655738296148179,1.150569540827251,1.848449868041621,0.319063953930107,-0.12374418427957198
3.5888,2.0036688503026197,-0.17483282647359283,2.782866447077115,0.07527773171829774,0.07527773171829773,0.035372675100377116,1.1620410487491724,1.8374972211946894,0.3328223614927562,-0.06871055402897505
3.6469,1.9919143744059855,-0.16758791592533862,2.752564167787132,0.07207453290881394,0.07207453290881398,0.07373701601678073,1.1760697568383922,1.8250951339109964,0.34759725971888566,-0.009610961124457336
3.7053,1.97907796666532,-0.16044700581033716,2.7351999052887086,0.06926611427101016,0.0692661142710101,0.09110127851520433,1.19048775759127,1.8116456185148153,0.3404847397952667,0.03806104081893291
3.7559,1.9583090374582965,-0.15403999431771687,2.7120705836735013,0.069615241514937,0.06961524151493699,0.11423060013041164,1.2122196771300606,1.7903801729600473,0.3146263748790561,0.14149450048377565
3.8069,1.946757107751432,-0.14735393872301497,2.6922196918394796,0.06660712027548635,0.06660712027548632,0.16726913919704023,1.2274900863625995,1.7782840930527644,0.30667513032520344,0.1732994786991862
3.8669,1.9346519729907599,-0.1460653223431994,2.6767858899872508,0.06873923064023359,0.0687392306402336,0.1827029410492691,1.239475449316674,1.7661128742259204,0.30266133759855035,0.18935464960579848
3.9271,1.922455376446347,-0.13901079321913778,2.6655075626745495,0.06535880463659982,0.06535880463659982,0.19398126836197038,1.253153755807734,1.7533625917076059,0.2789572122235881,0.28417115110564745
3.9878,1.9127065612960619,-0.13795445856521055,2.6552295577875835,0.06705807006509738,0.06705807006509737,0.20425927324893633,1.2628112780955172,1.7435597559797489,0.2771174539191452,0.29153018432341893
4.0478,1.9015445279269318,-0.1291819251670174,2.6479769876335766,0.0613951012022272,0.061395101202227194,0.2634884019787349,1.2791749468150544,1.7317268651243922,0.2685826132620241,0.3256695469519035
4.1008,1.8971611305707161,-0.1250118838314093,2.6450025081723467,0.058334852331877345,0.05833485233187732,0.26646288143996477,1.2843939787151946,1.72703439364672,0.26365642803361633,0.3453742878655345
4.1544,1.8759377978416203,-0.11324570306609143,2.642461912627766,0.0517199316290723,0.05171993162907228,0.2690034769845453,1.3077416913660658,1.7050066171654437,0.24841395647547548,0.40634417409809803
4.2078,1.8750618156296672,-0.11256301531197825,2.6390036185573944,0.05125505411604489,0.05125505411604491,0.2724617710549171,1.3087503024423264,1.7040849584951072,0.24511427227179353,0.4195429109128258
4.2669,1.8470743406356713,-0.08977143631234531,2.636228998276806,0.03419827197502958,0.03419827197502957,0.33673775138532225,1.3433411008496798,1.6747021871380205,0.22780776988725118,0.4887689204509952
4.3279,1.8363141342107343,-0.08364370616832727,2.63321240118535,0.02996331852607451,0.02996331852607451,0.3397543484767782,1.3549770919252329,1.6636165541356647,0.21866491485009565,0.5253403405996173
4.3933,1.8136809348905358,-0.06647273995151456,2.631849335068046,0.01634136682207408,0.016341366822074068,0.400911342550168,1.3811631859718103,1.6401632953485605,0.20529538610423528,0.5788184555830589
4.4474,1.8125800008674908,-0.06792528461957797,2.6315795927403194,0.017904898156997362,0.017904898156997365,0.4011810848778947,1.3820998350525928,1.6391287776778012,0.20692030352766033,0.5723187858893586
4.4993,1.805032995918446,-0.0637405876828959,2.6321704188067123,0.01456469438973673,0.01456469438973674,0.4005902588115018,1.390056719552569,1.6314040254937663,0.20424555468888494,0.5830177812444601
4.5566,1.8042667399498373,-0.06344652960332184,2.634378986987439,0.014355604687566336,0.014355604687566336,0.39838169063077483,1.3908503818611344,1.6306258376634002,0.20511634394765998,0.5795346242093601
4.607,1.7535137493020554,-0.03390758729008474,2.636666280053399,-0.010516936585461614,0.01051693658546162,0.4431321300515241,1.444040772162542,1.5788888365797882,0.1856014559634288,0.6575941761462848
4.6676,1.7380629037965438,-0.027207514557712913,2.640125521395265,-0.01625005539146788,0.01625005539146788,0.43967288870965815,1.459875889787949,1.563284221779044,0.18840705079443743,0.6463717968222503
4.7271,1.7278262258871924,-0.021905458017053816,2.6460617545321163,-0.02090982686150891,0.02090982686150891,0.43373665557280683,1.4704204574901898,1.552943858702799,0.18609756464143667,0.6556097414342532
4.787,1.7059801067326417,-0.011253013966775964,2.6535010090234206,-0.03070553724812209,0.03070553724812209,0.4520682618136691,1.4920979756224038,1.530940762092804,0.18285625181035406,0.6685749927585836
4.8473,1.7015018002472426,-0.013021570775171146,2.664839580134779,-0.02877683897000865,0.028776838970008645,0.4407296907023106,1.4965096810878322,1.5264843693137828,0.18772898702430438,0.6490840519027823
4.9035,1.682199560467747,-0.0035750224085611855,2.6707123647817372,-0.03752207708714135,0.03752207708714136,0.43485690605535243,1.5161396211494444,1.5070908784735753,0.19667973798158667,0.6132810480736532
4.9546,1.668445450024055,0.0017464621052774663,2.6821323448287755,-0.042344746740028895,0.042344746740028895,0.4234369260083142,1.530076464728513,1.4933106022805225,0.19748556656645488,0.6100577337341804
5.007,1.6590936218026084,0.0056660700176299345,2.696129532481536,-0.04592500009037124,0.04592500009037124,0.4094397383555535,1.539563392746443,1.483951401403066,0.19425522342465004,0.6229791063013996
5.0672,1.6508949185522364,0.005905278443349685,2.712075694573989,-0.04586877217240428,0.04586877217240428,0.39349357626310066,1.5477653921417025,1.4757525811709118,0.21097755353124287,0.5560897858750284
5.1265,1.6464256982910568,0.006640198420478118,2.729752257262952,-0.04644225374019516,0.04644225374019515,0.3758170135741379,1.5522581814765282,1.4712832399273685,0.21742821184480504,0.5302871526207797
5.187,1.6384228243672372,0.00908588952474255,2.7532633512736204,-0.04859812990598196,0.04859812990598197,0.35230591956346924,1.5603439463739157,1.4632826179342373,0.22429209649919502,0.5028316140032199
5.2472,1.6238058679586844,0.0064367671478116305,2.77903410895472,-0.04535101347875936,0.04535101347875935,0.30076430115020303,1.5760257535654385,1.4486634064791128,0.23910770526900557,0.4435691789239775
5.3041,1.6068826926841275,0.01174488757884412,2.795712769740451,-0.04960391312992736,0.04960391312992737,0.28408564036447226,1.5932444308793559,1.4317497783497082,0.24702652620954813,0.4118938951618075
5.3544,1.606082641578246,0.010990629071165214,2.819989813915311,-0.04880168714778292,0.04880168714778293,0.2598085961896124,1.5939963757855826,1.430947175048517,0.2554311883230328,0.3782752467078688
5.4065,1.5772347033714917,0.014351720397458854,2.8457092373267976,-0.050301451793117,0.05030145179311699,0.18705144029141563,1.62536504652212,1.4021141365182659,0.27218825480903164,0.3112469807638734
5.4675,1.5704267999971961,0.015400997199628475,2.8703431886728,-0.05060506487793557,0.05060506487793556,0.16241748894541308,1.6322466414866645,1.395312627214953,0.28187247865529214,0.2725100853788315
5.5277,1.5595096440062681,0.017168197308856836,2.8948181696947497,-0.051176018013174986,0.05117601801317499,0.13794250792346352,1.643291156128498,1.3844081643862467,0.29049449527214555,0.23802201891141767
5.5889,1.5491702012272124,0.017578089027932495,2.9173341356921902,-0.050460442705508056,0.050460442705508056,0.11542654192602297,1.653613948395215,1.3740722688228564,0.3083683815096762,0.16652647396129505
5.6476,1.5424922573834694,0.020233991929996673,2.933370497224212,-0.05237529236594724,0.052375292365947235,0.09939018039400116,1.6605408600435105,1.3674186080993602,0.31704519769827966,0.13181920920688128
5.7032,1.5181889948635137,0.024091892233854415,2.9508843487122363,-0.05273690877125092,0.05273690877125091,0.02208240094989256,1.6882985898323108,1.3431615343254182,0.32162751645459686,0.11348993418161245
5.7537,1.5095792345355772,0.026075413226101594,2.970205084443501,-0.053247338105748186,0.05324733810574818,0.0027616652186277513,1.6971191221476352,1.3345801128415724,0.3280583578592499,0.08776656856300025
5.8039,1.4965634177789704,0.02758177373843012,2.979710420657951,-0.052547915652221285,0.052547915652221285,-0.006743670995822182,1.7102031359074172,1.321588860866694,0.33148471228383286,0.0740611508646684
5.8673,1.487530598200944,0.02900611419386122,3.00270246212356,-0.052436094547549085,0.052436094547549085,-0.029735712461431255,1.71934688083511,1.312580829552667,0.34138340414810237,0.03446638340759053
5.9269,1.4724666073363146,0.02997254354211723,3.0205341720856103,-0.050081283968375086,0.050081283968375086,-0.10906878247329832,1.7374644146567024,1.2975361871453894,0.34903385756266453,0.0038645697493417527
5.988,1.4610899297450555,0.030445634687506908,3.037453896043578,-0.04794686671206975,0.04794686671206973,-0.12598850643126625,1.748649085918,1.2861701003262938,0.3431130773614113,-0.027547690554354878
6.0472,1.4483809812861308,0.030044139093653006,3.055872073297378,-0.04465702622395902,0.04465702622395905,-0.14440668368506593,1.7609314113983914,1.2734558923997643,0.33469889144475806,-0.06120443422096782
6.1038,1.4180002576751938,0.031760032338996116,3.0643294563964503,-0.0384791990194789,0.038479199019478924,-0.2048406253599313,1.7929269619537542,1.2431141428297137,0.3284395502212344,-0.08624179911506243
6.1552,1.4082350844716864,0.03276832366733219,3.0734883388048164,-0.036729235621788404,0.03672923562178842,-0.21399950776829746,1.802586821538864,1.2333720490491122,0.3246714426342935,-0.10131422946282599
6.2069,1.392440291929484,0.03319155486837502,3.0819819830005812,-0.03273883151295465,0.03273883151295463,-0.22249315196406227,1.817875093879091,1.217590080265265,0.32656589850329587,-0.09373640598681648
6.2674,1.3789925549693611,0.03622559685982592,3.0890315023302435,-0.0317000695507668,0.03170006955076682,-0.2627303185263288,1.832691496021317,1.204216641590017,0.32551591274944275,-0.09793634900222889
6.327,1.3707725827390675,0.036674466174361806,3.094465992793202,-0.02957785164798349,0.02957785164798349,-0.2681648089892872,1.8406454647352004,1.1960104231917954,0.3226597768518873,-0.10936089259245074
6.3875,1.358405207340255,0.03694215025948113,3.0979790584931486,-0.025997296730783048,0.02599729673078308,-0.2716778746892339,1.8524862102991204,1.1836538721303038,0.3309433600202536,-0.07622655991898562
6.4469,1.3572771092475893,0.03668998108775271,3.102120472776191,-0.02540774199357347,0.02540774199357349,-0.27581928897227614,1.853480503922594,1.1825196857109095,0.328818141719683,-0.08472743312126796
6.5023,1.3175060464915294,0.042319540547551604,3.104790345232768,-0.018304728311703027,0.01830472831170306,-0.28655122305527847,1.8931848513602758,1.142924524995248,0.3308097978038486,-0.07676080878460549
6.5527,1.3074411680434932,0.04240450949286796,3.1095908769682765,-0.015187197988017462,0.015187197988017442,-0.2913517547907869,1.9027551179488464,1.1328673188203822,0.3280387383801356,-0.08784504647945761
6.6079,1.3060367069746814,0.042140876052510774,3.1149700756312546,-0.014490962501656476,0.014490962501656511,-0.29673095345376505,1.9040030240479637,1.131455232075663,0.32579059094219537,-0.09683763623121834
6.6671,1.2607976677323949,0.03787687716617758,3.118863279582053,0.003610063328869934,0.0036100633288699536,-0.28011369634418015,1.9456199741688394,1.0861080724739036,0.33042999162801484,-0.07828003348794059
6.7268,1.2441094655147826,0.03801620357007702,3.122208366276853,0.008454084944484993,0.008454084944485015,-0.2834587830389803,1.9615902891215946,1.0694310320476346,0.3442847322333206,-0.02286107106671755
6.7879,1.2229235397561504,0.03251774447288039,3.1239017706438466,0.020020709243424258,0.02002070924342423,-0.28515218740597387,1.980172261703132,1.048103663461414,0.33657015354742775,-0.05371938581028882
6.8467,1.205645076213419,0.025870397371463634,3.12600542028623,0.030851997285162924,0.030851997285162917,-0.23757060223844206,1.9962317200139696,1.0306843544563864,0.327192925956477,-0.09122829617409207
6.903,1.1726209148336508,0.02620911724519412,3.1275464961832853,0.03879538393469641,0.03879538393469639,-0.2391116781354974,2.0282881167941107,0.9976728376388091,0.34289622647730567,-0.028415094090777245
6.954,1.150510843492203,0.020585373382048952,3.128205759797087,0.04849672467942244,0.04849672467942247,-0.16381562493795432,2.0520189475814994,0.9754698518681704,0.33485317126233066,-0.060587314950677235
7.0066,1.1335892684364386,0.020686834153481697,3.129327345483702,0.05137973030040011,0.05137973030040012,-0.16493721062456945,2.068693427340863,0.9585515627470275,0.3498266029442727,0.000693588222909092
7.0671,1.1142241341619221,0.015372049987079323,3.1304873761214775,0.05947280956071664,0.05947280956071664,-0.07131963317809786,2.0924855414021133,0.9391234310315794,0.34325638102755046,-0.02697447588979823
7.1279,1.0967902298161492,0.01541221889595054,3.1328693436174833,0.060868138468947175,0.06086813846894719,-0.07370160067410358,2.1098635646359756,0.921690703442387,0.34439052234151885,0.022437910633924585
7.1991,1.081523524419621,0.013156630793445274,3.13651759264073,0.06437300128770988,0.06437300128770988,-0.07734984969735015,2.1248927332082617,0.9064053889988055,0.3480629984414818,0.007748006234072606
7.2541,1.0597835403192792,0.011611480491460907,3.1392944135152945,0.06608031230215372,0.06608031230215372,0.02157147085995195,2.153240310939288,0.8846557530798431,0.34831830249968826,-0.006726790001246891
7.3067,1.0258044318824,0.011495517841512039,-3.141404042855728,0.06493923667362304,0.06493923667362303,0.11386222813563718,2.1934032979424214,0.8506765441290041,0.3423832942933937,0.03046682282642507
7.3672,1.007207177356778,0.011903418696433197,-3.139729826809685,0.06241754863444699,0.062417548634446984,0.11218801208959439,2.2118333101082146,0.8320821565503802,0.3371794130341367,0.05128234786345328
7.4265,0.9926126747367305,0.011516701519268304,-3.1389176221389135,0.061140844350274746,0.061140844350274726,0.11137580741882268,2.226377005755211,0.8174855081145045,0.3370949243727937,0.05162030250882511
7.489,0.9755353309925939,0.0113500634867339,-3.136227771685838,0.058518937681801046,0.05851893768180104,0.18464127377709127,2.2478413973356597,0.8004074669268396,0.33801003350082687,0.04795986599669247
7.5472,0.95843523755109,0.011154669092249533,-3.1352826241121803,0.05548120745780841,0.05548120745780841,0.18369612620343334,2.264670644786565,0.7833065106531282,0.33667785653430643,0.053288573862774115
7.6035,0.922997721052981,0.011078093278313444,-3.134003172514062,0.048120990096863214,0.0481209900968632,0.23210190941522768,2.3018947017271616,0.7478691739932178,0.33637608851059814,0.05449564595760746
7.654,0.9085372318834536,0.011149768925456178,-3.132051169663617,0.044618402208937966,0.04461840220893795,0.23014990656478274,2.315924768102905,0.7334094085957813,0.33647820739776685,0.05408717040893244
7.707,0.8915632085276712,0.010878930195379185,-3.1308318627444165,0.04085181647077736,0.04085181647077735,0.22893059964558216,2.3324778238442914,0.7164340314520025,0.3374036161461342,0.05038553541546326
7.7682,0.8744843586584887,0.01056255314034323,-3.1273594070036093,0.03686098115793269,0.036860981157932675,0.24596860496515927,2.3499020806566184,0.6993536037605549,0.3383697422293105,0.0465210310827579
7.8222,0.8595301676041052,0.00791686110748555,-3.1253212143113935,0.035570265396154495,0.03557026539615449,0.24393041227294354,2.365033556765909,0.6843891382678078,0.3426141660800115,0.02954333567995398
7.8743,0.8426858743253678,0.00751682315607775,-3.122438762925739,0.03162321140140457,0.03162321140140459,0.24104796088728886,2.3814137585712962,0.6675441613801738,0.34605807197585914,0.01576771209656338
7.9271,0.8257707011369966,0.006998690489981266,-3.1196762463282304,0.027835956244756557,0.02783595624475655,0.23022338266335662,2.3976686784566237,0.6506284167729625,0.34663833703785096,0.01344665184859601
7.9881,0.8046461695796868,0.006608019903900761,-3.1177438099400523,0.022944196560244802,0.022944196560244802,0.22829094627517854,2.4182227326603956,0.6295037127175992,0.3493050286764072,-0.0027798852943709726
8.0493,0.7929224693660065,0.006153368739144928,-3.116300011973372,0.02045968244823256,0.02045968244823255,0.22684714830849817,2.4296891638405436,0.6177801119951669,0.34858871568158073,-0.005645137273677065
8.1026,0.7587104270902126,0.005131184961334537,-3.1148814405925505,0.013608766344238753,0.013608766344238766,0.19224092969507112,2.4626342982941583,0.5835696058586871,0.3476034522159821,-0.009586191136071436
8.1528,0.7396713811691702,0.0001617676554099679,-3.114399100319124,0.014324129544072911,0.014324129544072924,0.1917585894216445,2.4822981899089,0.5645646741533539,0.34212129202067243,-0.03151483191731026
8.2031,0.7224258504595723,-0.0003796414080350298,-3.113930198421041,0.011388070397582196,0.011388070397582193,0.13931312894776893,2.4986648577832935,0.5473268231593525,0.3392374338184323,-0.04305026472627064
8.2532,0.7048357709800468,-0.004526243563615926,-3.11377224496176,0.012553516739699762,0.012553516739699762,0.13915517548848833,2.516699461753338,0.5298083847549377,0.33463163339432417,-0.06147346642270313
8.307,0.6878332763879237,-0.005098049083403293,-3.112342184938867,0.01029154200115584,0.010291542001155842,0.13772511546559496,2.5335605190804995,0.512822336537173,0.33157579843604806,-0.07369680625580761
8.3678,0.6736609117632737,-0.008972864764273414,-3.110084454910596,0.011957980773382837,0.011957980773382839,0.07396602538750718,2.547450288870994,0.4987589989473289,0.32618646454197786,-0.09525414183208843
8.4274,0.6655982929481935,-0.008915571313763394,-3.1080219074897424,0.011052183130508876,0.01105218313050888,0.07190347796665364,2.5554620699043795,0.4906985275185411,0.3253940145859032,-0.09842394165638707
8.4882,0.6529413989270781,-0.009429418290622528,-3.10655041474453,0.010230672304532078,0.010230672304532071,0.07043198522144144,2.568102723563909,0.4780649219921824,0.3239123384595354,-0.10435064616185843
8.548,0.6238477636277316,0.0008014144099448903,-3.104667152695351,-0.0029449394718169737,0.002944939471816972,0.008754795216176172,2.5961355641923562,0.4487416844942799,0.3332297438312237,-0.06708102467510499
8.6049,0.5890267862321638,-0.0005251920357475562,-3.104293165031728,-0.0032097963166045533,0.0032097963166045516,0.008380807552553105,2.6309807963238283,0.41394420732271675,0.33210038345324727,-0.07159846618701095
8.6678,0.5735945731283556,0.005436594968112454,-3.1030982243128573,-0.009814315256424474,0.009814315256424476,-0.03985186565302647,2.6465877093513352,0.39845357075748444,0.3357961925653171,-0.05681522973873153
8.7285,0.5567008412143043,0.004750130722589738,-3.1027627572313565,-0.00910491948416722,0.00910491948416722,-0.0401873327345277,2.663480493869659,0.381562462474196,0.33483029662327624,-0.06067881350689497
8.7899,0.5454283331471413,0.0092770216977226,-3.1033588379724275,-0.013616504580799306,0.013616504580799308,-0.03959125199345628,2.674759136515866,0.37029616527078946,0.3379461959168744,-0.048215216332502295
8.849,0.5289432571502647,0.00875977739106248,-3.1059135729099685,-0.013076883315736422,0.013076883315736422,-0.037036517055915284,2.6912434951987465,0.35380791022869285,0.3384022148464464,-0.04639114061421431
8.9025,0.513949812522857,0.01279184448097822,-3.1062303970565694,-0.016798224201422834,0.01679822420142283,-0.06249055364147995,2.7066790696899004,0.33886547411355533,0.34342585272391485,-0.0262965891043405
8.9539,0.4988567840034913,0.01387076864937327,-3.1055528710636464,-0.017467353438079012,0.01746735343807901,-0.06316807963440343,2.7217958105195956,0.32379786615140654,0.3448890470577156,-0.020443811769137413
9.007,0.481174459970915,0.006209147890140285,-3.1034744915465384,-0.009328919265408823,0.009328919265408823,-0.06524645915151187,2.7392638071153264,0.3060321498855279,0.3357547148311769,-0.05698114067529236
9.0673,0.46429819327356764,0.005535333911253732,-3.1025713351409814,-0.008148931992238718,0.008148931992238716,-0.0705971583792924,2.756151937988926,0.2891573916050133,0.33443229147988807,-0.06227083408044766
9.1269,0.45026271032616566,0.00495466712423006,-3.1020499707139124,-0.007125446131356953,0.007125446131356953,-0.07111852280636134,2.770162092598242,0.27512467536035323,0.3334057534092656,-0.06637698636293758
9.1876,0.4495487408419412,0.004908947253348629,-3.101545562333085,-0.007057208610590036,0.007057208610590037,-0.07162293118718857,2.7708742627827885,0.27441098129416414,0.3332270395005667,-0.06709184199773321
9.2476,0.40720865294167863,-0.001988003713094208,-3.1010239772538197,0.001173006084932596,0.001173006084932596,-0.0721445162664536,2.81297550435713,0.2322219398400312,0.32259167684144463,-0.10963329263422152
9.3028,0.37366053510836905,-0.0033565167145838746,-3.1012092465323904,0.0035999708958287264,0.003599970895828726,-0.07195924698788249,2.8464636945112654,0.1987633908300584,0.3207365305829388,-0.11705387766824464
9.3543,0.3595895543721269,-0.008829472493430083,-3.102175229736305,0.009514427748996216,0.009514427748996216,-0.07099326378396789,2.860354876749251,0.18508431555157,0.30773600451016053,-0.1690559819593578
9.4068,0.3427523689760519,-0.009393210148481271,-3.1041475025866454,0.010609444324831857,0.010609444324831855,-0.06902099093362704,2.877165871690187,0.16836322063604955,0.3045721513330939,-0.18171139466762434
9.4673,0.33085949267774145,-0.013751618481848341,-3.1076924716036314,0.015341145257944819,0.015341145257944819,-0.0654760219166415,2.8889152221457164,0.1570304355175572,0.2941997133049443,-0.22320114678022257
9.5272,0.3099067272004966,-0.02121956377272407,-3.1090078436684623,0.02346685919620867,0.02346685919620867,-0.06416064985181104,2.9096217757219502,0.13758870616566093,0.2898419654447692,-0.24063213822092308
9.5879,0.2941162112568669,-0.021685983668900753,-3.1098813024514773,0.02443156254822099,0.02443156254822099,-0.06328719106879556,2.9253896953288034,0.12227055273530348,0.26261259750989585,-0.3495496099604165
9.6469,0.2724942328772158,-0.027523660616577177,-3.1116103848146905,0.03094894824025596,0.03094894824025596,-0.06155810870558323,2.9468165967598736,0.10313120587975691,0.0,0.0
9.699,0.25701989164693767,-0.027948665715959286,-3.111836295416512,0.03186227561648815,0.03186227561648814,-0.061332198103761365,2.9622698067483975,0.08883527626785333,0.0,0.0
9.7532,0.21665150813820563,-0.03543850561596708,-3.112905833768951,0.04062283582783608,0.04062283582783609,-0.06026265975132208,3.0023816089220614,0.05901827563661946,0.0,0.0
9.8037,0.20434985290578983,-0.03572917086147004,-3.11342004678714,0.04130172673643174,0.04130172673643174,-0.05974844673313331,3.0146679556075653,0.051358557433383384,0.0,0.0
9.8539,0.1996042843532312,-0.03915507385186877,-3.1146789759601172,0.04487574241251392,0.044875742412513915,-0.058489517560156544,3.019303000821344,0.05180927556804138,0.0,0.0
9.9071,0.18533513024626208,-0.03997811322376059,-3.115446727991628,0.046148857178601524,0.046148857178601524,-0.05772176552864596,3.0335390582646284,0.04759796122128116,0.0,0.0
9.9674,0.1702425171842412,-0.040734625228617025,-3.116636742546639,0.04738147482756686,0.04750372105278679,-0.0565317509736343,3.0451944816173695,0.04750372105278679,0.0,0.0
10.0269,0.16301326004506875,-0.040892104501662266,-3.117515957794967,0.047767107537076164,0.04893483743142053,-0.055652535725306394,3.0451944816173695,0.04893483743142053,0.0,0.0
10.0902,0.15646077695266303,-0.04101516334062272,-3.118629484746115,0.04809697081214723,0.05107043368019278,-0.05453900877415865,3.0451944816173695,0.05107043368019278,0.0,0.0
10.1476,0.14650983934507908,-0.04268722026362361,-3.1194722201233485,0.05008235125867663,0.056927632777540094,-0.05369627339692531,3.0451944816173695,0.056927632777540094,0.0,0.0
10.2001,0.1417586885882845,-0.04279166592065418,-3.119764470279275,0.05033674149971284,0.05954572704733752,-0.053404023240998265,3.0451944816173695,0.05954572704733752,0.0,0.0
10.2526,0.1368499739336037,-0.042312832544090476,-3.1202779736023394,0.05001311784313053,0.06205272910143821,-0.052890519917934385,3.0451944816173695,0.06205272910143821,0.0,0.0
10.3029,0.1337067375970462,-0.042375058560212356,-3.121056274785002,0.05017454667670917,0.06408764699153567,-0.052112218735271186,3.0451944816173695,0.06408764699153567,0.0,0.0
10.354,0.12899103397763184,-0.04559416564848686,-3.1211928376868294,0.053540926679686164,0.06960886038510845,-0.051975655833443456,3.0451944816173695,0.06960886038510845,0.0,0.0
10.4044,0.126705904602062,-0.0456389189095338,-3.1213157236185687,0.0536578005221732,0.07117728157271977,-0.05185276990170464,3.0451944816173695,0.07117728157271977,0.0,0.0
